Phase,Model,MSE,RMSE,MAPE_percent,R2
Phase A,LR,2.692122,1.640769,10.382783,0.823065
Phase A,Lasso,2.688782,1.639751,10.365745,0.823284
Phase A,RF,4.071595,2.017819,11.132304,0.732401
Phase B,LR,2.763889,1.662495,10.504199,0.818348
Phase B,Lasso,2.755944,1.660104,10.477893,0.81887
Phase B,RF,4.300207,2.073694,11.389539,0.717376
Phase C,LR,2.537545,1.592967,10.124803,0.833224
Phase C,Lasso,2.535863,1.592439,10.122441,0.833335
Phase C,RF,5.013427,2.239068,12.41391,0.670501
